author	count	latest_chapters	name	status	type_	update_time
飞天鱼	1359万字	第四千零九十八章 奇域	万古神帝	连载	[玄幻奇幻]	2023-09-23 03:27
卖报小郎君	406万字	《大奉打更人之诸天万界》数字藏品预约开始啦！	大奉打更人	完结	[武侠仙侠]	2023-08-04 17:10
远瞳	645万字	第1595章 番外-片段-尘埃落定之后	黎明之剑	连载	[科幻未来]	2023-08-04 16:56
我吃西红柿	198万字	番茄新书《宇宙职业选手》已经正式发布！	沧元图	完结	[玄幻奇幻]	2023-08-04 17:05
鱼人二代	2295万字	第11258章	校花的贴身高手	连载	[都市生活]	2023-11-24 21:16
烟火成城	654万字	第2215章 因果（为九指猫咪更！）	诸界末日在线	连载	[科幻未来]	2023-08-04 16:56
庸懒的小偷	84万字	第416章 登基大典(大结局)	率土之滨	连载	[历史军事]	2020-02-24 12:10
那一只蚊子	1299万字	情况与抱歉	轮回乐园	连载	[其他类型]	2023-09-16 22:53
无色界定	25万字	第096章　大结局	傲娇校花爱上我	完结	[都市生活]	2018-07-31 00:00
晨星LL	566万字	第871章 明枪易躲，暗箭难防	这游戏也太真实了	连载	[其他类型]	2023-09-14 00:20
老鹰吃小鸡	868万字	新书《星门》发布！	万族之劫	完结	[都市生活]	2023-08-04 17:09
会说话的肘子	334万字	999、后记（一）	夜的命名术	完结	[都市生活]	2023-08-29 23:25
吱吱	248万字	第756章 开新文啦！	庶女攻略	完结	[现代言情]	2023-08-04 16:47
夏竖琴	419万字	第1915章 大结局	从斗罗开始打卡	完结	[其他类型]	2023-08-04 16:38
飞星骑士	536万字	张学良、北华、北华军	我的东北军2之龙战于野	完结	[历史军事]	2017-04-05 16:07
志鸟村	360万字	番外：开学季	大医凌然	完结	[都市生活]	2023-08-04 16:56
爱潜水的乌贼	443万字	第1418章 番外（十一） 往事	一世之尊	完结	[玄幻奇幻]	2022-05-20 19:47
关关公子	245万字	第903章 新书《太莽》已经上传～	世子很凶	完结	[历史军事]	2023-08-04 16:41
圣骑士的传说	875万字	番外：愿世上再无读心术	修真聊天群	完结	[都市生活]	2023-08-04 16:52
宅猪	590万字	宅猪新书，《临渊行》已经上传	牧神记	完结	[玄幻奇幻]	2023-08-04 16:56
愤怒的香蕉	593万字	第一一八八章 惑（下）	赘婿小说	连载	[历史军事]	2023-09-15 15:37
我吃西红柿	485万字	第1526章 番茄新书《宇宙职业选手》已经正式发布！	吞噬星空	完结	[科幻未来]	2023-08-04 01:05
稚楚	62万字	番外二十一：ABO（二）【全文完】	我只喜欢你的人设[娱乐圈]	完结	[幻想奇缘]	2020-03-23 12:28
黑色小草	316万字	第1321章大意	火影之六神通	完结	[其他类型]	2021-06-03 16:16
忘语	445万字	新书《大梦主》上架感言	凡人修仙之仙界篇	完结	[武侠仙侠]	2023-08-04 16:56
狐尾的笔	222万字	有声书来了	道诡异仙	连载	[玄幻奇幻]	2023-10-20 13:43
无唯	445万字	256就叫水晶宫（完）	火影之神之轮回	完结	[其他类型]	2020-09-26 18:13
PEPA	16万字	~***	我嗑了对家X我的CP	完结	[幻想奇缘]	2019-11-19 17:34
瓦斯	36万字	第两千二百六十一章 丢失的三魂一魄！（求订阅）	灵气复苏：我的武功能合成	连载	[玄幻奇幻]	2021-08-15 18:47
世味煮茶	41万字	番外之煤球与管情	铜雀锁金钗	完结	[现代言情]	2018-12-25 10:17
困倚危楼	13万字	番外  比武	折枝	完结	[其他类型]	2019-06-22 22:11
纪婴	78万字	全文完	不断作死后我成了白月光	完结	[游戏情缘]	2020-11-23 06:22
元首大人	186万字	第一千二百八十八章 一种夜间会发光的夜菌	我！星河帝国元首	连载	[科幻未来]	2020-08-12 22:46
惰堕	227万字	剑卒过河8月1号正式上架哦！	剑徒之路	完结	[武侠仙侠]	2023-08-04 16:55
任我笑	246万字	另一位韩绝？	顶级气运，悄悄修炼千年	完结	[武侠仙侠]	2023-08-28 23:58
奇犽	299万字	第1027章  尾声	狗带吧青春	连载	[都市生活]	2019-09-25 22:10
xclxx	263万字	第一千三百章世界和平	海贼王之正义	完结	[其他类型]	2018-12-25 11:30
壶鱼辣椒	143万字	番外·尾声（317）	我在惊悚游戏里封神（无限）	连载	[幻想奇缘]	2022-03-18 18:52
吴杰超	818万字	完本感言	无限先知	完结	[玄幻奇幻]	2023-08-04 16:56
耳根	387万字	大家想我了吗哈哈哈哈	三寸人间	完结	[武侠仙侠]	2023-08-04 16:56
葵十月	25万字	第六十二章	黄烟	完结	[幻想奇缘]	2020-08-18 16:53
孑与2	447万字	第1603章 新书预告，《银狐》登陆	唐砖	完结	[历史军事]	2023-08-04 01:06
笔龙胆	755万字	第2349章不忘初心（大结局）	我和美艳女上司	完结	[都市生活]	2020-09-16 11:14
泡泡泡	29万字	【1596】被盯上的苏媛媛！	都市:开局快递奖励10个亿！	连载	[都市生活]	2021-12-20 06:00
绯红之夜	42万字	第两千七百三十六章 降临	从大树开始的进化	连载	[都市生活]	2021-12-19 02:33
白芥子	43万字	番外二 宵宴（下）	温香艳玉	完结	[现代言情]	2020-05-14 10:33
最白的乌鸦	164万字	新书《谁让他修仙的！》已发	大乘期才有逆袭系统	完结	[武侠仙侠]	2023-08-28 23:58
老妖	327万字	第1449章前世今生（大结局）	二次元的写轮眼	完结	[其他类型]	2018-12-25 13:54
银河九天	397万字	完本感言	首席御医	完结	[都市生活]	2014-07-21 22:39
吃奶的小猪	160万字	第587章 大结局	诸天最强万道钓皇	连载	[玄幻奇幻]	2020-12-21 13:31
风行云亦行	265万字	完本感言＋推新书	斗罗之皇龙惊世	连载	[其他类型]	2021-03-05 00:56
无敌小贝	1391万字	第6241章 始域轰动	武破九荒	连载	[玄幻奇幻]	2023-08-04 16:48
不会写就乱写	168万字	第839章 真的完结了	沐云初方天成	完结	[现代言情]	2022-04-10 11:47
迪巴拉爵士	627万字	新书：《大唐扫把星》已经发布了	北宋大丈夫	完结	[历史军事]	2023-08-04 17:00
百里龙虾	787万字	第三千五百零一章 出动十大族老！	绝代神主	连载	[玄幻奇幻]	2023-09-06 08:04
刮风了	41万字	第330章：没有灵魂的玩偶！	火影：我有一个签到空间	连载	[其他类型]	2021-12-20 10:00
大唐超神洪荒海贼特种兵	37万字	第两千一百一十一章：北外滩江景房别墅众人，你们怂就怂，真的没有必要继续硬装！第	都市神豪之肆意人生	连载	[都市生活]	2022-01-25 23:47
天命反派	22万字	969 天意一刀斩去“伐天”？明秀和褚炼	玄幻：我！天命大反派	连载	[玄幻奇幻]	2021-12-20 16:58
公子笑歌	409万字	第3232章 空间法则	我每天随机一个新系统	连载	[都市生活]	2023-09-14 00:53
北南	46万字	终章	跨界演员	连载	[幻想奇缘]	2020-04-24 12:12
孑与2	299万字	《明天下》写完了，请期待《我不是野人》	明天下	完结	[历史军事]	2023-08-04 17:06
昀瞳	610万字	第两千九百二十五章 邀请	摊牌了我真是封号斗罗	连载	[其他类型]	2023-09-06 23:57
卡比丘	7万字	番外：考前习题	择木而栖	完结	[浪漫青春]	2019-11-19 16:30
愤怒的香蕉	593万字	第一一八八章 惑（下）	赘婿	连载	[历史军事]	2023-09-15 15:37
何夏	18万字	一个作者后记	拍摄指导	完结	[幻想奇缘]	2019-11-19 17:33
李道然	1038万字	最大的墟	史上最强炼气期	连载	[玄幻奇幻]	2023-09-23 21:25
忘语	739万字	第2562章 忘语新书《玄界之门》	凡人修仙传	完结	[武侠仙侠]	2023-08-04 16:46
D猫	375万字	第二千九百八十章 终战（大结局）	一键修炼系统瞬间百万级	完结	[玄幻奇幻]	2021-04-14 11:10
爱潜水的乌贼	447万字	第1415章 新书已发	诡秘之主	完结	[玄幻奇幻]	2023-08-04 16:19
粥二	130万字	第557章 大梦一场？	斗罗之封号剑仙	完结	[其他类型]	2022-05-20 21:15
桃千岁	31万字	育儿手记	秋以为期	完结	[幻想奇缘]	2019-12-30 15:10
花幽山月	1076万字	第4982章 天生克星	神级龙卫	连载	[都市生活]	2022-04-17 12:50
引路星	35万字	番外	我喜欢你的信息素	完结	[幻想奇缘]	2019-09-27 14:40
凶萌诸葛	27万字	第一千零七十九章 法不责众？	我的爱情公寓女友一菲	连载	[其他类型]	2021-12-20 11:59
黑血粉	142万字	第625章 作者新书，欢迎捧场！	斗罗之我的武魂是魂环	完结	[其他类型]	2022-05-20 21:05
金元宝本尊	1192万字	第4648章 重要提示 新书斩龙已上传 新书斩龙已上传	捡漏	完结	[都市生活]	2022-11-11 16:10
巫哲	88万字	番外5 跟着光	撒野	完结	[幻想奇缘]	2020-03-04 18:23
苏少卿	18万字	599：团灭！	轮回空间：欺诈万界	连载	[都市生活]	2021-12-20 05:31
两边之和	123万字	推荐和和的新书公子九	嫡女归	完结	[现代言情]	2017-04-27 09:45
priest	30万字	番外 后来	七爷	完结	[游戏情缘]	2019-01-02 12:56
柠檬ice	216万字	第968章 章 灭天终结	从斗罗开始签到女神	完结	[其他类型]	2022-05-20 21:34
首初	34万字	纳维军区毛毡大赛	没钱离婚	完结	[科幻灵异]	2019-11-19 17:00
尼古拉斯糖葫芦	34万字	第 74 章	你看起来很好亲	连载	[幻想奇缘]	2021-07-23 02:54
巨星之王	40万字	第2502章 实力并存	娱乐：从歌手到天王巨星	连载	[都市生活]	2021-08-15 18:45
黑糖话梅	62万字	番外九	嫁给残疾大将军后	完结	[游戏情缘]	2020-09-30 03:10
鹅是老五	408万字	第一三七二章 道，到底是什么？	弃宇宙	完结	[武侠仙侠]	2023-09-14 02:11
头顶一只喵喵	342万字	单篇感谢两位新盟主	大秦：不装了，你爹我是秦始皇	完结	[历史军事]	2023-08-28 23:58
夜南听风	215万字	写在结束之后	从火影开始掌控时间	完结	[其他类型]	2023-09-16 18:38
紫梦幽龙	872万字	完结感言	茅山鬼王	完结	[恐怖悬疑]	2023-09-03 23:22
岭上开花	414万字	第2167章 美味的有毒料理	海贼之无限翅膀	连载	[其他类型]	2022-05-23 02:28
义阳生	107万字	完本，新书《我的无限职业》发布	从洪荒穿越万界	连载	[武侠仙侠]	2020-11-04 12:52
莫默	1870万字	第6064章 后记加新书	武炼巅峰	完结	[玄幻奇幻]	2023-08-04 16:47
斜风X细雨	12万字	第1209章:讲解（求支持求订阅)	假面骑士:神级选择系统	连载	[其他类型]	2021-08-15 18:47
八千岁	114万字	不定时番外篇·二七	魔女霓裳（gl）	连载	[游戏情缘]	2019-03-12 02:23
名窑	381万字	新书上架求支持	我的1978小农庄	完结	[都市生活]	2023-09-14 01:59
天蚕土豆	530万字	第1663章 《斗破苍穹：斗帝之路》手游·角色传记（下）	斗破苍穹	完结	[玄幻奇幻]	2023-08-04 01:05
皇甫奇	328万字	新书即将发布，求支持！	神座	完结	[玄幻奇幻]	2014-04-03 00:01
彩虹之门	334万字	第1140章 完本感言	重生之超级战舰	完结	[科幻未来]	2021-11-06 20:34
单身咸鱼	46万字	第1914章 不要误会，我是针对你们全场！【求自订】	海贼：在红发船上当实习生	连载	[其他类型]	2021-12-20 08:14
千桦尽落	325万字	第1597章 大结局（三）	嫡长女她又美又飒	完结	[现代言情]	2023-08-04 16:43
叶公子	369万字	第1642章 给他来个下马威！	叶辰萧初然大结局	连载	[都市生活]	2021-08-15 18:50
偏方方	358万字	第1009章 元帅，好久不见（教父番完）	首辅娇娘	完结	[现代言情]	2023-08-04 17:09
治病神仙水	49万字	番外·后来的故事（四）	可怜为师死得早	完结	[游戏情缘]	2019-09-04 17:55
闲者模式	91万字	第436章：婚礼（完）	爱情公寓5：开局娶诸葛大力	连载	[其他类型]	2021-01-15 03:02
肥胖的橘猫	34万字	第二百二十七章 燃烧本源	盗墓：开局获得两大传承	连载	[恐怖悬疑]	2021-01-29 15:53
骑着驴漂移	34万字	第1845章 仇人见面分外眼红	开局一辆超跑	连载	[都市生活]	2021-08-15 18:45
漫漫何其多	31万字	终章	影帝	完结	[幻想奇缘]	2019-01-02 13:02
时崎狂三	49万字	第2914章 无法改变	不死者之王	连载	[其他类型]	2021-08-15 18:42
叶千秋	19万字	第六百八十八章 极阳者	妖魔复苏：开局觉醒山海经	连载	[恐怖悬疑]	2021-08-15 18:47
苏小暖	461万字	第4257章 大结局终章	神医凰后	完结	[现代言情]	2023-08-04 16:56
白刃斩春风	365万字	1187、杀虎	我的诡异人生	连载	[其他类型]	2023-11-13 19:42
鱼和漂流瓶	465万字	第2415章 得知情报！	神奇宝贝：觉醒之刻	连载	[其他类型]	2022-11-14 05:39
城主养龙当学霸	18万字	第七百九十四章 合作愉快	我能看到成功率	连载	[都市生活]	2021-08-15 18:50
伊人泪下	37万字	第2136章 遇见熟人	向往：神级选择	连载	[都市生活]	2021-12-19 03:19
耳雅	68万字	380 井	龙图案卷集·续	连载	[现代言情]	2022-01-01 22:52
evaeva123	349万字	第一千五百九十七章最后的最后	怪盗基德是超级英雄	完结	[其他类型]	2018-12-25 13:14
成小果	21万字	第851章 硬吃	盗墓：我娶了尸族女皇	连载	[其他类型]	2021-08-15 18:45
魔王斗勇者	219万字	第978章 来大阪吃面包（1更）	在柯南里选择当渣男	连载	[其他类型]	2020-08-13 00:28
逆长天	283万字	第1096章 大结局	斗罗之造梗抽奖系统	完结	[其他类型]	2022-05-20 21:21
最爱吃空气	118万字	第430章 作者已经死了，你们喷死的嘛，偶像！	斗罗之魔君	完结	[其他类型]	2021-06-04 16:39
穿黄衣的阿肥	494万字	新书预告Part.2	我的细胞监狱	完结	[科幻未来]	2023-08-04 17:04
爱上手帕纸	316万字	第1551章 大结局心愿大门	火影：我能一键满级	完结	[其他类型]	2021-04-26 13:10
第一绿者	29万字	第一千六百四十八章下次要让你跪着！	我，仙王，加入聊天群	连载	[其他类型]	2021-08-15 18:48
活儿该	196万字	第五十八章 干都卡拉	从姑获鸟开始	连载	[科幻未来]	2023-08-29 11:19
自在核桃	222万字	第810章 期待新书的相遇，感谢大家	娱乐圈的科学家	完结	[都市生活]	2023-08-04 16:38
死神钓者	426万字	第1137章 新书《地球上最后一幢楼》发布	全球进入大洪水时代	完结	[科幻未来]	2023-08-04 16:44
国王	303万字	第1357章 恐怖蛟龙	洪荒降临之最强玩家	连载	[玄幻奇幻]	2023-08-04 17:05
丧泽	18万字	第五百三十一章 聘礼？不！是威胁！	我被困在同一天一千年	连载	[都市生活]	2021-12-19 02:55
腾云傲九霄	46万字	第72章 不见棺材不落泪	盗墓：从秦岭神树开始	连载	[恐怖悬疑]	2020-12-28 16:21
永夜司晨	280万字	新书已发	斗罗之诸天抽奖系统	完结	[其他类型]	2021-11-13 08:30
藤萍	53万字	116东海之滨	吉祥纹莲花楼	完结	[恐怖悬疑]	2018-12-19 09:56
周流星位	137万字	第441章 还是你出来见我吧！	我修炼开了外挂	连载	[武侠仙侠]	2023-08-04 16:41
岁暮	22万字	第五十四章 七十二变	火影：我能进化通灵兽	连载	[其他类型]	2021-12-20 11:11
暧昧	30万字	第1834章 海啸的到来	海贼王之最强幻兽	连载	[其他类型]	2021-08-15 18:42
黑夜的瞳	647万字	第4181章 我，既为仙！	林阳苏颜全文免费阅读	连载	[都市生活]	2022-11-16 23:25
孤云城	128万字	新书《诸天乱入系统》已经发布！	从斗罗开始的诸天生涯	完结	[其他类型]	2020-12-22 17:06
安向暖	118万字	第1090章 全文完	团宠小可爱成了满级大佬	完结	[幻想奇缘]	2021-10-28 18:21
煮夫	277万字	第2562章 世纪婚礼（大结局）	爱情公寓：开局回报诸葛大力	完结	[都市生活]	2021-08-15 18:48
昭灵驷玉	278万字	完本感言	重生之金融巨头	完结	[都市生活]	2023-08-28 23:58
会狼叫的猪	1005万字	完本感言（新书《苟在无尽海域修妖仙》已发布）	垂钓之神	完结	[玄幻奇幻]	2023-08-28 23:58
小王胡公子	97万字	四百三十一章（大结局二）	六零迷彩生活	完结	[幻想奇缘]	2018-07-25 12:16
愤怒的香蕉	593万字	第一一八八章 惑（下）	赘婿小说	连载	[历史军事]	2023-09-15 15:37
唯爱	144万字	第四百四十三章：为了正义	超神：圣天使降临	连载	[其他类型]	2021-08-15 18:46
厌笔萧生	347万字	第1142章 屠灭仙王（4）（大结局）	天牧	连载	[玄幻奇幻]	2019-05-10 23:44
杜了了	611万字	第5814章 番外：重回星际（完）【全文完】	快穿：女配，冷静点	连载	[科幻灵异]	2021-06-04 23:09
七月新番	345万字	新书，来了！	秦吏	完结	[历史军事]	2023-08-04 16:55
小小招财猫a	503万字	第1439章 天毒魔童	仙木奇缘	连载	[武侠仙侠]	2023-11-13 19:58
流萤飘雪	119万字	完本感言	从斗罗开始修仙的奥特曼	连载	[其他类型]	2020-08-12 21:32
青衣醉离尘	320万字	第五百八十四章 肆无忌惮	海贼之掌控万物	完结	[其他类型]	2021-05-21 18:23
风中的阳光	795万字	第2432章 宝贝儿，嫁给我！	我的极品小姨	连载	[都市生活]	2020-09-10 10:58
苍天以老	21万字	第805章 我又不傻	海贼：神级抽奖	连载	[其他类型]	2021-12-20 07:54
小天天天天	34万字	第一千一百三十八章 雾忍异变，建议当场火化	海贼：垂钓就变强	连载	[其他类型]	2021-12-20 05:31
芥末三三	23万字	第六十六章	绝对禁锢	完结	[幻想奇缘]	2019-06-22 20:54
道然居士	179万字	第七百四十六章 护山神兽？	从斗罗开始的浪人	连载	[其他类型]	2023-09-16 18:24
盖世	93万字	第0219章 谁敢动我白胡子的儿子	我在火影开漫画店	完结	[其他类型]	2020-08-18 13:24
西装暴徒	541万字	第2580章 透着蹊跷	赵东苏菲都市潜龙免费阅读	连载	[都市生活]	2022-11-17 00:05
永远是新手	406万字	第1640章 挺好	超神学院之异能者	完结	[科幻未来]	2022-04-10 11:16
曲小蛐	51万字	全文完结	他最野了	完结	[幻想奇缘]	2019-12-05 16:29
臧福生	524万字	第1654章 跟不上，哪就抱歉了	医路坦途	连载	[都市生活]	2023-08-04 17:00
买辣椒打折吗	24万字	第1086章 大蜜蜜的特殊爱好	向往的生活：开局就结婚	连载	[都市生活]	2021-12-19 16:36
言归正传	379万字	仙侠新书《天庭最后一个大佬》已上线！	我师兄实在太稳健了	完结	[武侠仙侠]	2023-08-04 17:06
遥望南山	1285万字	第6230章 母后是谁？	妖龙古帝	连载	[玄幻奇幻]	2023-09-02 21:12
望月存雅	121万字	第1161章 墨川番外（整）	他养的小可爱太甜了	连载	[幻想奇缘]	2020-07-20 11:31
三天两觉	501万字	完本感言	惊悚乐园	完结	[游戏竞技]	2023-08-04 16:48
旷海忘湖	631万字	第2693章 新书《大玄第一拽探》发布	狂探	完结	[都市生活]	2023-08-04 16:12
老龙	47万字	第3871章 发泄情绪	铁血霸主李云龙	连载	[历史军事]	2022-01-25 23:47
叫我茶茶大人	15万字	第125章 新生	重生五零有空间	完结	[科幻灵异]	2020-02-29 18:01
花幽山月	1076万字	第4982章 天生克星	沈浪苏若雪最新更新	连载	[都市生活]	2022-04-17 12:50
耗子爱吃鸡腿	359万字	第一千一百一十二章 安全区的交战	从军火商到战争之王	连载	[其他类型]	2023-09-18 15:05
我想飞天	36万字	第二千二百三十七章我在医院等你	开局四个姐姐帮我签到	连载	[都市生活]	2021-12-20 06:22
道衍天尊	206万字	第1350章 三圣领域 威压全开	洪荒：阐教首徒	连载	[武侠仙侠]	2022-10-03 06:28
叹西茶	23万字	番外六	雪意和五点钟	完结	[幻想奇缘]	2020-10-31 10:02
弱颜	325万字	第1025章 番外八	重生小地主	完结	[现代言情]	2022-05-20 19:47
洛九尢	275万字	新书《灵气复苏：从血月开始》已发	诸天万界聊天群之我是神	完结	[其他类型]	2021-06-16 23:26
狐仙呀	53万字	完本感言	斗罗之神位掌管者	连载	[其他类型]	2020-09-06 12:04
幸运儿	25万字	第1201章 礼	我的细胞变异了	连载	[都市生活]	2021-12-20 12:33
jiayibingding	117万字	第六百三十一章 斩杀驰鹏（完结）	洪荒：截教副教主	连载	[武侠仙侠]	2020-12-30 09:32
双儒风	125万字	新书 影影果实觉醒后的放飞之旅	海贼之心灵果实	完结	[其他类型]	2021-01-12 08:31
养乐多	13万字	第五百六十六章 迷人眼	我只想安静的做个神豪	连载	[都市生活]	2021-12-19 04:37
祈之夏梦	109万字	番外篇：云冰的倒霉日	在斗罗中成神	连载	[其他类型]	2020-06-11 19:47
追求梦想的蛤蟆	178万字	第234章：海贼王完（完结！）	火影之最强系统	完结	[其他类型]	2020-06-23 14:52
91门房秦大爷	254万字	第一千六百九十九章：友情提示，利马还有五分钟抵达战场！（第一更！求订阅！求全订！	都市之好感值系统	连载	[都市生活]	2020-08-12 22:25
我都想要	41万字	第1864章 世界的构成（4/4）	狐妖：角色扮演系统	连载	[其他类型]	2021-08-15 18:47
史铁生	14万字	第33章 扶轮问路（代跋）	我与地坛	完结	[其他类型]	2018-12-11 02:14
Ashitaka	40万字	番外三 点滴	草茉莉	完结	[幻想奇缘]	2019-11-19 17:15
舒虞	39万字	平行番：青梅竹马（二）	退烧	完结	[幻想奇缘]	2020-06-25 20:43
浮白三秋	316万字	全书已完，新书《斗罗之我的老婆是龙王》全书免费，永不上架！	斗罗之终极战神	完结	[其他类型]	2021-02-27 20:43
发达的泪腺	50万字	第三世番外8	长安第一美人	完结	[游戏情缘]	2020-09-19 01:46
吐泡泡的鲤鱼	308万字	第544章 新书已发：全球领主：开局成为沙漠领主	我成了血族始祖	完结	[科幻未来]	2023-08-04 16:40
燚诚之赤龙帝	130万字	完结感言	从斗罗开始的赤龙帝	连载	[其他类型]	2020-07-15 12:01
六盲星	27万字	番外三	我很有钱呀	连载	[幻想奇缘]	2020-03-18 10:06
昊天无极	201万字	第1117章 荣登首富，新的目标【大结局】	神豪从签到十亿开始	完结	[都市生活]	2021-01-29 18:23
流风笑	541万字	第2511章 番外篇：诸天归一界，永恒世界	开局十连抽然后无敌	完结	[玄幻奇幻]	2022-05-20 21:39
风凌天下	826万字	第2632章 新书《左道倾天》已经发布。	傲世九重天	完结	[玄幻奇幻]	2022-05-20 19:47
偷偷写文	40万字	完结十周年庆平行番外	将军令	完结	[游戏情缘]	2020-12-14 10:02
流情似水	330万字	第149章大结局	火影之超级强者	完结	[其他类型]	2018-12-25 16:03
悠悠鱼	26万字	1298.布里斯出现！（求订阅！）	奥特曼之究极黑暗	连载	[其他类型]	2021-08-15 18:50
咸鱼王7j	23万字	第一千零二十八章 平息的鱼人岛	海贼王之暗皇	连载	[其他类型]	2022-01-25 23:47
凤凰涅槃	38万字	第2083章：阵营！	灵气复苏：自动升级	连载	[玄幻奇幻]	2021-12-20 06:08
金十四钗	34万字	番外-半生念想	满城衣冠	完结	[幻想奇缘]	2019-11-19 17:49
青鸾峰上	858万字	第2810章 大结局2	无敌剑域	完结	[玄幻奇幻]	2022-01-25 22:17
萌新白猫	276万字	第1560章 盛大的集体婚礼（大结局）	从全能急诊科医生开始	连载	[都市生活]	2021-05-02 03:05
嗜酒吃茶	5万字	番外三 之后(3)(完)	挟	完结	[幻想奇缘]	2019-06-13 01:08
怪客先生	101万字	0458.巨凶兽陨落！合二为一！（大结局）	漫威：开局就是不死不灭	完结	[其他类型]	2020-12-07 16:44
zhttty	265万字	第803章 无限恐怖下半部第十五集：生化终战（二） 第十七章：原暗对洪荒……终结与开始（二）	无限恐怖	完结	[科幻未来]	2023-08-04 01:05
辰东	630万字	我的新书《深空彼岸》上传了	圣墟	完结	[玄幻奇幻]	2023-08-04 16:52
静水边	4万字	第 24 章	缝纫机之恋	完结	[幻想奇缘]	2019-01-02 12:01
诸葛小小力	36万字	第一千九百四十七章 致命一击	洪荒：开局成为天道	连载	[玄幻奇幻]	2021-12-20 05:56
六道沉沦	736万字	第2439章 新群号	剑道独神	完结	[玄幻奇幻]	2022-01-25 22:08
严雪芥	39万字	从前慢（下）	坠落春夜	完结	[幻想奇缘]	2020-11-23 17:11
不愁香烟	248万字	第1101章 头疼的若林	海贼王之无尽风暴	完结	[其他类型]	2020-08-12 20:39
纳兰闲	198万字	第1910章 打破平衡	当满级大佬翻车以后	连载	[幻想奇缘]	2023-05-19 23:28
周蛋挞	45万字	人间魔	灭了天道后我成了死对头的师妹	完结	[游戏情缘]	2020-08-02 23:31
风流书呆	195万字	十八：现代神棍61	学神在手，天下我有	完结	[游戏情缘]	2021-03-16 15:41
愤怒的香蕉	593万字	第一一八八章 惑（下）	赘婿	连载	[历史军事]	2023-09-15 15:37
我吃西红柿	419万字	第1470章 番茄新书《宇宙职业选手》已经正式发布！	莽荒纪	完结	[武侠仙侠]	2023-08-04 01:04
鹅是老五	702万字	第2280章 新书发布	最强弃少	完结	[武侠仙侠]	2022-05-20 19:47
风云十三变	173万字	第584章 新世界大门已打开	斗罗之辅助升级系统	完结	[其他类型]	2021-10-23 18:18
卖报小郎君	259万字	新书！《大奉打更人》	原来我是妖二代	完结	[都市生活]	2021-10-29 05:20
水千丞	40万字	王晋的故事	针锋对决	完结	[幻想奇缘]	2019-01-02 11:54
搞笑异人	63万字	第266章 结束	斗罗之背着五把剑的辅助	连载	[其他类型]	2022-05-20 21:26
海鶄落	18万字	番外.剩下的一些故事	貔貅饭馆，只进不出	完结	[游戏情缘]	2020-01-18 10:30
钟仅	30万字	第 84 章	重生之拯救大佬计划	完结	[幻想奇缘]	2019-11-24 08:00
木苏里	44万字	年少	某某	完结	[幻想奇缘]	2019-12-27 16:00
一个米饼	9万字	三字已婚与黑粉 	婚后热恋	完结	[幻想奇缘]	2019-11-19 16:49
乱	717万字	第3118章 人间，惹不起了	全职法师	连载	[玄幻奇幻]	2022-04-10 11:39
长亭空省	355万字	请一天假～	仙府长生	连载	[武侠仙侠]	2023-08-28 23:58
思如梦断	47万字	第239章 甜得心疼！	从斗罗开始稳健发育	完结	[其他类型]	2022-05-20 21:21
J神	624万字	第2893章 紫魅公主服软，神秘强大的时空妖灵一族	开局签到荒古圣体	连载	[玄幻奇幻]	2023-11-06 21:11
水千丞	37万字	番外（完）	娘娘腔	完结	[幻想奇缘]	2019-01-02 13:22
优衣库的爱	152万字	第704章新的开始	爱情公寓之道士下山	完结	[其他类型]	2018-12-25 11:12
三百斤的微笑	447万字	新书已发:我的头发能创造妖国	饲养全人类	完结	[都市生活]	2023-08-04 17:04
囧囧有妖	263万字	第2504章 【新书《月亮在怀里》】	恰似寒光遇骄阳	完结	[幻想奇缘]	2023-08-04 16:19
辰东	651万字	我的新书《深空彼岸》上传了	遮天	完结	[武侠仙侠]	2023-08-04 16:47
风凌天下	412万字	第1265章 新书《天域苍穹》登陆起点！希望大家支持！	异世邪君	完结	[玄幻奇幻]	2022-05-20 19:47
红烧豆腐干	290万字	第1276章 完本感言	重生五十年代有空间	完结	[幻想奇缘]	2022-05-20 20:13
月光光	102万字	第435章：难怪天打雷劈（完结）	超神学院之最强王者	完结	[其他类型]	2018-12-25 11:12
孤飞雪	87万字	好看的斗罗同人	斗罗之我千寻疾不能死	完结	[其他类型]	2021-03-30 23:14
神话凡人	23万字	第988章 你们真的是太让我失望了！（求订阅）	西游：我复活了洪荒大能	连载	[玄幻奇幻]	2021-08-15 18:46
辰东	534万字	番外【道外与后院】	深空彼岸	完结	[都市生活]	2023-08-28 23:58
影子鬼	35万字	第1879章黑夜之中	大秦:开局召唤黑影兵团	连载	[其他类型]	2021-08-15 18:46
天官赐福	125万字	第605章 创造历史，徐年宣布退役	绝地求生之未婚妻是团团	完结	[游戏竞技]	2022-05-20 21:33
梦朝南	136万字	第631章 终章	还没出道就火了怎么办	完结	[都市生活]	2020-09-30 11:15
血中的哀伤	560万字	第一百零六章离别	帝临二次元	完结	[其他类型]	2018-12-25 15:29
白芥子	33万字	番外六 一日	江山许你	完结	[现代言情]	2019-11-19 17:49
墨泠	544万字	第2655章 仙本无良（15）	快穿：男神，有点燃！	完结	[科幻灵异]	2021-04-25 16:08
六界三道	945万字	第三千三百六十五章   人间道	仙武帝尊	完结	[玄幻奇幻]	2020-12-24 17:23
可爱的弘	18万字	第六百五十五章 新的目标：星辰大海	开局十万新手礼包	连载	[都市生活]	2021-12-19 23:43
我要飞上宇宙	98万字	第769章 交易的筹码	每周一次随机奖励	完结	[都市生活]	2020-08-13 00:50
冷山就木	11万字	番外四	黑莲花的幸福生活	完结	[幻想奇缘]	2019-11-19 19:02
